#market=NG,last=2.89,open=2.96
market,date,dow,close,poc,vah,val,vol,delta,high,low
NG,09/04,Vie,2.94,2.98,2.98,2.95,54731,-1971,2.98,2.93
NG,09/07,Lun,2.97,2.97,2.98,2.96,9057,-841,2.98,2.95
NG,09/08,Mar,2.91,2.92,2.93,2.88,80223,2627,2.95,2.86
NG,09/09,Mie,2.81,2.82,2.85,2.80,66413,989,2.89,2.80
NG,09/10,Jue,2.83,2.78,2.82,2.77,59208,292,2.84,2.75
NG,09/11,Vie,2.83,2.82,2.83,2.81,37922,124,2.85,2.80
NG,09/14,Lun,2.87,2.90,2.90,2.88,48285,-1369,2.91,2.85
NG,09/15,Mar,2.93,2.91,2.93,2.91,37573,-273,2.95,2.90
NG,09/16,Mie,2.89,2.89,2.92,2.88,47048,-496,2.96,2.88
