#market=ES,last=7724.50,open=7757.48
market,date,dow,close,poc,vah,val,vol,delta,high,low
ES,09/17,Jue,7707.25,7708.75,7711.75,7694.25,895017,-475,7716.25,7680.50
ES,09/18,Vie,7712.44,7712.50,7717.75,7689.75,967714,-284,7718.25,7675.00
ES,09/21,Lun,7833.44,7835.75,7847.00,7793.75,1043622,-5196,7847.25,7758.25
ES,09/22,Mar,7831.00,7832.00,7839.00,7826.50,946451,6515,7848.50,7822.25
ES,09/23,Mie,7773.94,7771.25,7788.75,7762.75,1283605,11299,7826.25,7758.75
ES,09/24,Jue,7765.44,7770.00,7781.00,7748.25,1317257,4179,7783.50,7725.25
ES,09/25,Vie,7804.56,7803.25,7813.00,7779.25,1295858,15120,7814.75,7752.75
ES,09/28,Lun,7746.25,7746.25,7765.50,7735.00,1365104,-1494,7786.25,7726.00
ES,09/29,Mar,7733.19,7731.00,7745.00,7722.50,1211290,12102,7758.50,7712.25
