#market=CL,last=91.13,open=90.37
market,date,dow,close,poc,vah,val,vol,delta,high,low
CL,09/16,Mie,97.26,97.75,98.18,96.85,110953,-519,99.38,96.29
CL,09/17,Jue,96.56,97.32,97.72,96.26,82051,3687,97.73,95.59
CL,09/18,Vie,95.64,95.91,97.25,95.40,94174,-1730,98.01,95.39
CL,09/21,Lun,92.10,92.37,92.55,91.73,110559,-455,93.12,91.19
CL,09/22,Mar,89.61,90.60,91.71,90.21,157624,1180,92.06,88.67
CL,09/23,Mie,92.62,92.00,92.26,91.18,144953,1835,92.89,90.99
CL,09/24,Jue,95.17,94.44,95.36,93.63,180498,500,96.78,93.31
CL,09/25,Vie,92.26,92.20,93.26,91.53,146826,292,94.23,91.51
CL,09/28,Lun,93.10,92.58,94.18,91.29,159541,-2559,95.70,91.25
CL,09/29,Mar,91.13,91.12,91.16,90.46,6702,76,91.16,90.23
