#market=NQ,last=30595.75,open=30697.23
market,date,dow,close,poc,vah,val,vol,delta,high,low
NQ,09/17,Jue,29738.38,29738.00,29770.00,29682.50,322296,-4418,29793.25,29605.75
NQ,09/18,Vie,29914.75,29730.00,29819.50,29693.75,340044,-5522,29937.75,29659.25
NQ,09/21,Lun,30784.44,30805.00,30862.50,30513.75,396676,4326,30862.75,30216.50
NQ,09/22,Mar,31028.19,30900.00,30980.75,30888.00,346729,2427,31065.50,30763.50
NQ,09/23,Mie,30773.94,30740.00,30783.25,30657.00,418493,4609,31013.00,30642.75
NQ,09/24,Jue,30758.25,30768.75,30819.25,30579.25,481140,2932,30827.50,30493.25
NQ,09/25,Vie,30890.81,30912.00,30938.00,30802.25,416282,3482,30951.50,30684.00
NQ,09/28,Lun,30567.94,30638.00,30684.25,30515.00,497693,7453,30759.25,30356.75
NQ,09/29,Mar,30618.38,30615.00,30650.25,30557.50,430334,1378,30725.50,30504.50
