#market=GC,last=4170.80,open=4177.14
market,date,dow,close,poc,vah,val,vol,delta,high,low
GC,09/16,Mie,4388.30,4388.00,4400.70,4381.70,42036,-616,4405.20,4364.50
GC,09/17,Jue,4399.80,4408.00,4410.60,4398.90,38865,-775,4420.90,4391.80
GC,09/18,Vie,4424.55,4392.50,4405.50,4381.00,36040,1736,4427.60,4381.00
GC,09/21,Lun,4383.62,4381.40,4391.20,4379.50,4384,-94,4402.80,4379.50
GC,09/22,Mar,4377.53,4366.00,4376.10,4363.00,37182,-766,4381.90,4351.80
GC,09/23,Mie,4318.40,4320.00,4326.40,4314.70,49474,34,4350.60,4311.50
GC,09/24,Jue,4298.27,4300.00,4312.80,4290.40,46814,-410,4324.30,4279.50
GC,09/25,Vie,4321.55,4315.00,4330.20,4307.90,47251,1165,4336.00,4289.20
GC,09/28,Lun,4168.88,4154.00,4173.20,4146.80,69108,2016,4193.20,4143.10
